Alternative,Cement,BlastFurnaceSlag,FlyAsh,Water,Superplasticizer,CoarseAgg,FineAgg,AgeDays
alt1,540,0,0,162,2.5,1040,676,28
alt2,540,0,0,162,2.5,1055,676,28
alt3,332.5,142.5,0,228,0,932,594,270
alt4,332.5,142.5,0,228,0,932,594,365
alt5,198.6,132.4,0,192,0,978.4,825.5,360
alt6,266,114,0,228,0,932,670,90
alt7,380,95,0,228,0,932,594,365
alt8,380,95,0,228,0,932,594,28
alt9,266,114,0,228,0,932,670,28
alt10,475,0,0,228,0,932,594,28
alt11,198.6,132.4,0,192,0,978.4,825.5,90
alt12,198.6,132.4,0,192,0,978.4,825.5,28
alt13,427.5,47.5,0,228,0,932,594,270
alt14,190,190,0,228,0,932,670,90
alt15,304,76,0,228,0,932,670,28
alt16,380,0,0,228,0,932,670,90
alt17,139.6,209.4,0,192,0,1047,806.9,90
alt18,342,38,0,228,0,932,670,365
alt19,380,95,0,228,0,932,594,90
alt20,475,0,0,228,0,932,594,180
alt21,427.5,47.5,0,228,0,932,594,180
alt22,139.6,209.4,0,192,0,1047,806.9,28
alt23,139.6,209.4,0,192,0,1047,806.9,3
alt24,139.6,209.4,0,192,0,1047,806.9,180
alt25,380,0,0,228,0,932,670,365
alt26,380,0,0,228,0,932,670,270
alt27,380,95,0,228,0,932,594,270
alt28,342,38,0,228,0,932,670,180
alt29,427.5,47.5,0,228,0,932,594,28
alt30,475,0,0,228,0,932,594,7
alt31,304,76,0,228,0,932,670,365
alt32,266,114,0,228,0,932,670,365
alt33,198.6,132.4,0,192,0,978.4,825.5,180
alt34,475,0,0,228,0,932,594,270
alt35,190,190,0,228,0,932,670,365
alt36,237.5,237.5,0,228,0,932,594,270
alt37,237.5,237.5,0,228,0,932,594,28
alt38,332.5,142.5,0,228,0,932,594,90
alt39,475,0,0,228,0,932,594,90
alt40,237.5,237.5,0,228,0,932,594,180
alt41,342,38,0,228,0,932,670,90
alt42,427.5,47.5,0,228,0,932,594,365
alt43,237.5,237.5,0,228,0,932,594,365
alt44,380,0,0,228,0,932,670,180
alt45,427.5,47.5,0,228,0,932,594,90
alt46,427.5,47.5,0,228,0,932,594,7
alt47,349,0,0,192,0,1047,806.9,3
alt48,380,95,0,228,0,932,594,180
alt49,237.5,237.5,0,228,0,932,594,7
alt50,380,95,0,228,0,932,594,7
alt51,332.5,142.5,0,228,0,932,594,180
alt52,190,190,0,228,0,932,670,180
alt53,237.5,237.5,0,228,0,932,594,90
alt54,304,76,0,228,0,932,670,90
alt55,139.6,209.4,0,192,0,1047,806.9,7
alt56,198.6,132.4,0,192,0,978.4,825.5,7
alt57,475,0,0,228,0,932,594,365
alt58,198.6,132.4,0,192,0,978.4,825.5,3
alt59,304,76,0,228,0,932,670,180
alt60,332.5,142.5,0,228,0,932,594,28
alt61,304,76,0,228,0,932,670,270
alt62,266,114,0,228,0,932,670,270
alt63,310,0,0,192,0,971,850.6,3
alt64,190,190,0,228,0,932,670,270
alt65,266,114,0,228,0,932,670,180
alt66,342,38,0,228,0,932,670,270
alt67,139.6,209.4,0,192,0,1047,806.9,360
alt68,332.5,142.5,0,228,0,932,594,7
alt69,190,190,0,228,0,932,670,28
alt70,485,0,0,146,0,1120,800,28
alt71,374,189.2,0,170.1,10.1,926.1,756.7,3
alt72,313.3,262.2,0,175.5,8.6,1046.9,611.8,3
alt73,425,106.3,0,153.5,16.5,852.1,887.1,3
alt74,425,106.3,0,151.4,18.6,936,803.7,3
alt75,375,93.8,0,126.6,23.4,852.1,992.6,3
alt76,475,118.8,0,181.1,8.9,852.1,781.5,3
alt77,469,117.2,0,137.8,32.2,852.1,840.5,3
alt78,425,106.3,0,153.5,16.5,852.1,887.1,3
alt79,388.6,97.1,0,157.9,12.1,852.1,925.7,3
alt80,531.3,0,0,141.8,28.2,852.1,893.7,3
alt81,425,106.3,0,153.5,16.5,852.1,887.1,3
alt82,318.8,212.5,0,155.7,14.3,852.1,880.4,3
alt83,401.8,94.7,0,147.4,11.4,946.8,852.1,3
alt84,362.6,189,0,164.9,11.6,944.7,755.8,3
alt85,323.7,282.8,0,183.8,10.3,942.7,659.9,3
alt86,379.5,151.2,0,153.9,15.9,1134.3,605,3
alt87,362.6,189,0,164.9,11.6,944.7,755.8,3
alt88,286.3,200.9,0,144.7,11.2,1004.6,803.7,3
alt89,362.6,189,0,164.9,11.6,944.7,755.8,3
alt90,439,177,0,186,11.1,884.9,707.9,3
alt91,389.9,189,0,145.9,22,944.7,755.8,3
alt92,362.6,189,0,164.9,11.6,944.7,755.8,3
alt93,337.9,189,0,174.9,9.5,944.7,755.8,3
alt94,374,189.2,0,170.1,10.1,926.1,756.7,7
alt95,313.3,262.2,0,175.5,8.6,1046.9,611.8,7
alt96,425,106.3,0,153.5,16.5,852.1,887.1,7
alt97,425,106.3,0,151.4,18.6,936,803.7,7
alt98,375,93.8,0,126.6,23.4,852.1,992.6,7
alt99,475,118.8,0,181.1,8.9,852.1,781.5,7
alt100,469,117.2,0,137.8,32.2,852.1,840.5,7
alt101,425,106.3,0,153.5,16.5,852.1,887.1,7
alt102,388.6,97.1,0,157.9,12.1,852.1,925.7,7
alt103,531.3,0,0,141.8,28.2,852.1,893.7,7
alt104,425,106.3,0,153.5,16.5,852.1,887.1,7
alt105,318.8,212.5,0,155.7,14.3,852.1,880.4,7
alt106,401.8,94.7,0,147.4,11.4,946.8,852.1,7
alt107,362.6,189,0,164.9,11.6,944.7,755.8,7
alt108,323.7,282.8,0,183.8,10.3,942.7,659.9,7
alt109,379.5,151.2,0,153.9,15.9,1134.3,605,7
alt110,362.6,189,0,164.9,11.6,944.7,755.8,7
alt111,286.3,200.9,0,144.7,11.2,1004.6,803.7,7
alt112,362.6,189,0,164.9,11.6,944.7,755.8,7
alt113,439,177,0,186,11.1,884.9,707.9,7
alt114,389.9,189,0,145.9,22,944.7,755.8,7
alt115,362.6,189,0,164.9,11.6,944.7,755.8,7
alt116,337.9,189,0,174.9,9.5,944.7,755.8,7
alt117,374,189.2,0,170.1,10.1,926.1,756.7,28
alt118,313.3,262.2,0,175.5,8.6,1046.9,611.8,28
alt119,425,106.3,0,153.5,16.5,852.1,887.1,28
alt120,425,106.3,0,151.4,18.6,936,803.7,28
alt121,375,93.8,0,126.6,23.4,852.1,992.6,28
alt122,475,118.8,0,181.1,8.9,852.1,781.5,28
alt123,469,117.2,0,137.8,32.2,852.1,840.5,28
alt124,425,106.3,0,153.5,16.5,852.1,887.1,28
alt125,388.6,97.1,0,157.9,12.1,852.1,925.7,28
alt126,531.3,0,0,141.8,28.2,852.1,893.7,28
alt127,425,106.3,0,153.5,16.5,852.1,887.1,28
alt128,318.8,212.5,0,155.7,14.3,852.1,880.4,28
alt129,401.8,94.7,0,147.4,11.4,946.8,852.1,28
alt130,362.6,189,0,164.9,11.6,944.7,755.8,28
alt131,323.7,282.8,0,183.8,10.3,942.7,659.9,28
alt132,379.5,151.2,0,153.9,15.9,1134.3,605,28
alt133,362.6,189,0,164.9,11.6,944.7,755.8,28
alt134,286.3,200.9,0,144.7,11.2,1004.6,803.7,28
alt135,362.6,189,0,164.9,11.6,944.7,755.8,28
alt136,439,177,0,186,11.1,884.9,707.9,28
alt137,389.9,189,0,145.9,22,944.7,755.8,28
alt138,362.6,189,0,164.9,11.6,944.7,755.8,28
alt139,337.9,189,0,174.9,9.5,944.7,755.8,28
alt140,374,189.2,0,170.1,10.1,926.1,756.7,56
alt141,313.3,262.2,0,175.5,8.6,1046.9,611.8,56
alt142,425,106.3,0,153.5,16.5,852.1,887.1,56
alt143,425,106.3,0,151.4,18.6,936,803.7,56
alt144,375,93.8,0,126.6,23.4,852.1,992.6,56
alt145,475,118.8,0,181.1,8.9,852.1,781.5,56
alt146,469,117.2,0,137.8,32.2,852.1,840.5,56
alt147,425,106.3,0,153.5,16.5,852.1,887.1,56
alt148,388.6,97.1,0,157.9,12.1,852.1,925.7,56
alt149,531.3,0,0,141.8,28.2,852.1,893.7,56
alt150,425,106.3,0,153.5,16.5,852.1,887.1,56
alt151,318.8,212.5,0,155.7,14.3,852.1,880.4,56
alt152,401.8,94.7,0,147.4,11.4,946.8,852.1,56
alt153,362.6,189,0,164.9,11.6,944.7,755.8,56
alt154,323.7,282.8,0,183.8,10.3,942.7,659.9,56
alt155,379.5,151.2,0,153.9,15.9,1134.3,605,56
alt156,362.6,189,0,164.9,11.6,944.7,755.8,56
alt157,286.3,200.9,0,144.7,11.2,1004.6,803.7,56
alt158,362.6,189,0,164.9,11.6,944.7,755.8,56
alt159,439,177,0,186,11.1,884.9,707.9,56
alt160,389.9,189,0,145.9,22,944.7,755.8,56
alt161,362.6,189,0,164.9,11.6,944.7,755.8,56
alt162,337.9,189,0,174.9,9.5,944.7,755.8,56
alt163,374,189.2,0,170.1,10.1,926.1,756.7,91
alt164,313.3,262.2,0,175.5,8.6,1046.9,611.8,91
alt165,425,106.3,0,153.5,16.5,852.1,887.1,91
alt166,425,106.3,0,151.4,18.6,936,803.7,91
alt167,375,93.8,0,126.6,23.4,852.1,992.6,91
alt168,475,118.8,0,181.1,8.9,852.1,781.5,91
alt169,469,117.2,0,137.8,32.2,852.1,840.5,91
alt170,425,106.3,0,153.5,16.5,852.1,887.1,91
alt171,388.6,97.1,0,157.9,12.1,852.1,925.7,91
alt172,531.3,0,0,141.8,28.2,852.1,893.7,91
alt173,425,106.3,0,153.5,16.5,852.1,887.1,91
alt174,318.8,212.5,0,155.7,14.3,852.1,880.4,91
alt175,401.8,94.7,0,147.4,11.4,946.8,852.1,91
alt176,362.6,189,0,164.9,11.6,944.7,755.8,91
alt177,379.5,151.2,0,153.9,15.9,1134.3,605,91
alt178,362.6,189,0,164.9,11.6,944.7,755.8,91
alt179,286.3,200.9,0,144.7,11.2,1004.6,803.7,91
alt180,362.6,189,0,164.9,11.6,944.7,755.8,91
alt181,439,177,0,186,11.1,884.9,707.9,91
alt182,389.9,189,0,145.9,22,944.7,755.8,91
alt183,362.6,189,0,164.9,11.6,944.7,755.8,91
alt184,337.9,189,0,174.9,9.5,944.7,755.8,91
alt185,222.4,0,96.7,189.3,4.5,967.1,870.3,3
alt186,222.4,0,96.7,189.3,4.5,967.1,870.3,14
alt187,222.4,0,96.7,189.3,4.5,967.1,870.3,28
alt188,222.4,0,96.7,189.3,4.5,967.1,870.3,56
alt189,222.4,0,96.7,189.3,4.5,967.1,870.3,100
alt190,233.8,0,94.6,197.9,4.6,947,852.2,3
alt191,233.8,0,94.6,197.9,4.6,947,852.2,14
alt192,233.8,0,94.6,197.9,4.6,947,852.2,28
alt193,233.8,0,94.6,197.9,4.6,947,852.2,56
alt194,233.8,0,94.6,197.9,4.6,947,852.2,100
alt195,194.7,0,100.5,165.6,7.5,1006.4,905.9,3
alt196,194.7,0,100.5,165.6,7.5,1006.4,905.9,14
alt197,194.7,0,100.5,165.6,7.5,1006.4,905.9,28
alt198,194.7,0,100.5,165.6,7.5,1006.4,905.9,56
alt199,194.7,0,100.5,165.6,7.5,1006.4,905.9,100
alt200,190.7,0,125.4,162.1,7.8,1090,804,3
alt201,190.7,0,125.4,162.1,7.8,1090,804,14
alt202,190.7,0,125.4,162.1,7.8,1090,804,28
alt203,190.7,0,125.4,162.1,7.8,1090,804,56
alt204,190.7,0,125.4,162.1,7.8,1090,804,100
alt205,212.1,0,121.6,180.3,5.7,1057.6,779.3,3
alt206,212.1,0,121.6,180.3,5.7,1057.6,779.3,14
alt207,212.1,0,121.6,180.3,5.7,1057.6,779.3,28
alt208,212.1,0,121.6,180.3,5.7,1057.6,779.3,56
alt209,212.1,0,121.6,180.3,5.7,1057.6,779.3,100
alt210,230,0,118.3,195.5,4.6,1029.4,758.6,3
alt211,230,0,118.3,195.5,4.6,1029.4,758.6,14
alt212,230,0,118.3,195.5,4.6,1029.4,758.6,28
alt213,230,0,118.3,195.5,4.6,1029.4,758.6,56
alt214,230,0,118.3,195.5,4.6,1029.4,758.6,100
alt215,190.3,0,125.2,161.9,9.9,1088.1,802.6,3
alt216,190.3,0,125.2,161.9,9.9,1088.1,802.6,14
alt217,190.3,0,125.2,161.9,9.9,1088.1,802.6,28
alt218,190.3,0,125.2,161.9,9.9,1088.1,802.6,56
alt219,190.3,0,125.2,161.9,9.9,1088.1,802.6,100
alt220,166.1,0,163.3,176.5,4.5,1058.6,780.1,3
alt221,166.1,0,163.3,176.5,4.5,1058.6,780.1,14
alt222,166.1,0,163.3,176.5,4.5,1058.6,780.1,28
alt223,166.1,0,163.3,176.5,4.5,1058.6,780.1,56
alt224,166.1,0,163.3,176.5,4.5,1058.6,780.1,100
alt225,168,42.1,163.8,121.8,5.7,1058.7,780.1,3
alt226,168,42.1,163.8,121.8,5.7,1058.7,780.1,14
alt227,168,42.1,163.8,121.8,5.7,1058.7,780.1,28
alt228,168,42.1,163.8,121.8,5.7,1058.7,780.1,56
alt229,168,42.1,163.8,121.8,5.7,1058.7,780.1,100
alt230,213.7,98.1,24.5,181.7,6.9,1065.8,785.4,3
alt231,213.7,98.1,24.5,181.7,6.9,1065.8,785.4,14
alt232,213.7,98.1,24.5,181.7,6.9,1065.8,785.4,28
alt233,213.7,98.1,24.5,181.7,6.9,1065.8,785.4,56
alt234,213.7,98.1,24.5,181.7,6.9,1065.8,785.4,100
alt235,213.8,98.1,24.5,181.7,6.7,1066,785.5,3
alt236,213.8,98.1,24.5,181.7,6.7,1066,785.5,14
alt237,213.8,98.1,24.5,181.7,6.7,1066,785.5,28
alt238,213.8,98.1,24.5,181.7,6.7,1066,785.5,56
alt239,213.8,98.1,24.5,181.7,6.7,1066,785.5,100
alt240,229.7,0,118.2,195.2,6.1,1028.1,757.6,3
alt241,229.7,0,118.2,195.2,6.1,1028.1,757.6,14
alt242,229.7,0,118.2,195.2,6.1,1028.1,757.6,28
alt243,229.7,0,118.2,195.2,6.1,1028.1,757.6,56
alt244,229.7,0,118.2,195.2,6.1,1028.1,757.6,100
alt245,238.1,0,94.1,186.7,7,949.9,847,3
alt246,238.1,0,94.1,186.7,7,949.9,847,14
alt247,238.1,0,94.1,186.7,7,949.9,847,28
alt248,238.1,0,94.1,186.7,7,949.9,847,56
alt249,238.1,0,94.1,186.7,7,949.9,847,100
alt250,250,0,95.7,187.4,5.5,956.9,861.2,3
alt251,250,0,95.7,187.4,5.5,956.9,861.2,14
alt252,250,0,95.7,187.4,5.5,956.9,861.2,28
alt253,250,0,95.7,187.4,5.5,956.9,861.2,56
alt254,250,0,95.7,187.4,5.5,956.9,861.2,100
alt255,212.5,0,100.4,159.3,8.7,1007.8,903.6,3
alt256,212.5,0,100.4,159.3,8.7,1007.8,903.6,14
alt257,212.5,0,100.4,159.3,8.7,1007.8,903.6,28
alt258,212.5,0,100.4,159.3,8.7,1007.8,903.6,56
alt259,212.5,0,100.4,159.3,8.7,1007.8,903.6,100
alt260,212.6,0,100.4,159.4,10.4,1003.8,903.8,3
alt261,212.6,0,100.4,159.4,10.4,1003.8,903.8,14
alt262,212.6,0,100.4,159.4,10.4,1003.8,903.8,28
alt263,212.6,0,100.4,159.4,10.4,1003.8,903.8,56
alt264,212.6,0,100.4,159.4,10.4,1003.8,903.8,100
alt265,212,0,124.8,159,7.8,1085.4,799.5,3
alt266,212,0,124.8,159,7.8,1085.4,799.5,14
alt267,212,0,124.8,159,7.8,1085.4,799.5,28
alt268,212,0,124.8,159,7.8,1085.4,799.5,56
alt269,212,0,124.8,159,7.8,1085.4,799.5,100
alt270,231.8,0,121.6,174,6.7,1056.4,778.5,3
alt271,231.8,0,121.6,174,6.7,1056.4,778.5,14
alt272,231.8,0,121.6,174,6.7,1056.4,778.5,28
alt273,231.8,0,121.6,174,6.7,1056.4,778.5,56
alt274,231.8,0,121.6,174,6.7,1056.4,778.5,100
alt275,251.4,0,118.3,188.5,5.8,1028.4,757.7,3
alt276,251.4,0,118.3,188.5,5.8,1028.4,757.7,14
alt277,251.4,0,118.3,188.5,5.8,1028.4,757.7,28
alt278,251.4,0,118.3,188.5,5.8,1028.4,757.7,56
alt279,251.4,0,118.3,188.5,5.8,1028.4,757.7,100
alt280,251.4,0,118.3,188.5,6.4,1028.4,757.7,3
alt281,251.4,0,118.3,188.5,6.4,1028.4,757.7,14
alt282,251.4,0,118.3,188.5,6.4,1028.4,757.7,28
alt283,251.4,0,118.3,188.5,6.4,1028.4,757.7,56
alt284,251.4,0,118.3,188.5,6.4,1028.4,757.7,100
alt285,181.4,0,167,169.6,7.6,1055.6,777.8,3
alt286,181.4,0,167,169.6,7.6,1055.6,777.8,14
alt287,181.4,0,167,169.6,7.6,1055.6,777.8,28
alt288,181.4,0,167,169.6,7.6,1055.6,777.8,56
alt289,181.4,0,167,169.6,7.6,1055.6,777.8,100
alt290,182,45.2,122,170.2,8.2,1059.4,780.7,3
alt291,182,45.2,122,170.2,8.2,1059.4,780.7,14
alt292,182,45.2,122,170.2,8.2,1059.4,780.7,28
alt293,182,45.2,122,170.2,8.2,1059.4,780.7,56
alt294,182,45.2,122,170.2,8.2,1059.4,780.7,100
alt295,168.9,42.2,124.3,158.3,10.8,1080.8,796.2,3
alt296,168.9,42.2,124.3,158.3,10.8,1080.8,796.2,14
alt297,168.9,42.2,124.3,158.3,10.8,1080.8,796.2,28
alt298,168.9,42.2,124.3,158.3,10.8,1080.8,796.2,56
alt299,168.9,42.2,124.3,158.3,10.8,1080.8,796.2,100
alt300,290.4,0,96.2,168.1,9.4,961.2,865,3
alt301,290.4,0,96.2,168.1,9.4,961.2,865,14
alt302,290.4,0,96.2,168.1,9.4,961.2,865,28
alt303,290.4,0,96.2,168.1,9.4,961.2,865,56
alt304,290.4,0,96.2,168.1,9.4,961.2,865,100
alt305,277.1,0,97.4,160.6,11.8,973.9,875.6,3
alt306,277.1,0,97.4,160.6,11.8,973.9,875.6,14
alt307,277.1,0,97.4,160.6,11.8,973.9,875.6,28
alt308,277.1,0,97.4,160.6,11.8,973.9,875.6,56
alt309,277.1,0,97.4,160.6,11.8,973.9,875.6,100
alt310,295.7,0,95.6,171.5,8.9,955.1,859.2,3
alt311,295.7,0,95.6,171.5,8.9,955.1,859.2,14
alt312,295.7,0,95.6,171.5,8.9,955.1,859.2,28
alt313,295.7,0,95.6,171.5,8.9,955.1,859.2,56
alt314,295.7,0,95.6,171.5,8.9,955.1,859.2,100
alt315,251.8,0,99.9,146.1,12.4,1006,899.8,3
alt316,251.8,0,99.9,146.1,12.4,1006,899.8,14
alt317,251.8,0,99.9,146.1,12.4,1006,899.8,28
alt318,251.8,0,99.9,146.1,12.4,1006,899.8,56
alt319,251.8,0,99.9,146.1,12.4,1006,899.8,100
alt320,249.1,0,98.8,158.1,12.8,987.8,889,3
alt321,249.1,0,98.8,158.1,12.8,987.8,889,14
alt322,249.1,0,98.8,158.1,12.8,987.8,889,28
alt323,249.1,0,98.8,158.1,12.8,987.8,889,56
alt324,249.1,0,98.8,158.1,12.8,987.8,889,100
alt325,252.3,0,98.8,146.3,14.2,987.8,889,3
alt326,252.3,0,98.8,146.3,14.2,987.8,889,14
alt327,252.3,0,98.8,146.3,14.2,987.8,889,28
alt328,252.3,0,98.8,146.3,14.2,987.8,889,56
alt329,252.3,0,98.8,146.3,14.2,987.8,889,100
alt330,246.8,0,125.1,143.3,12,1086.8,800.9,3
alt331,246.8,0,125.1,143.3,12,1086.8,800.9,14
alt332,246.8,0,125.1,143.3,12,1086.8,800.9,28
alt333,246.8,0,125.1,143.3,12,1086.8,800.9,56
alt334,246.8,0,125.1,143.3,12,1086.8,800.9,100
alt335,275.1,0,121.4,159.5,9.9,1053.6,777.5,3
alt336,275.1,0,121.4,159.5,9.9,1053.6,777.5,14
alt337,275.1,0,121.4,159.5,9.9,1053.6,777.5,28
alt338,275.1,0,121.4,159.5,9.9,1053.6,777.5,56
alt339,275.1,0,121.4,159.5,9.9,1053.6,777.5,100
alt340,297.2,0,117.5,174.8,9.5,1022.8,753.5,3
alt341,297.2,0,117.5,174.8,9.5,1022.8,753.5,14
alt342,297.2,0,117.5,174.8,9.5,1022.8,753.5,28
alt343,297.2,0,117.5,174.8,9.5,1022.8,753.5,56
alt344,297.2,0,117.5,174.8,9.5,1022.8,753.5,100
alt345,213.7,0,174.7,154.8,10.2,1053.5,776.4,3
alt346,213.7,0,174.7,154.8,10.2,1053.5,776.4,14
alt347,213.7,0,174.7,154.8,10.2,1053.5,776.4,28
alt348,213.7,0,174.7,154.8,10.2,1053.5,776.4,56
alt349,213.7,0,174.7,154.8,10.2,1053.5,776.4,100
alt350,213.5,0,174.2,154.6,11.7,1052.3,775.5,3
alt351,213.5,0,174.2,154.6,11.7,1052.3,775.5,14
alt352,213.5,0,174.2,154.6,11.7,1052.3,775.5,28
alt353,213.5,0,174.2,154.6,11.7,1052.3,775.5,56
alt354,213.5,0,174.2,154.6,11.7,1052.3,775.5,100
alt355,277.2,97.8,24.5,160.7,11.2,1061.7,782.5,3
alt356,277.2,97.8,24.5,160.7,11.2,1061.7,782.5,14
alt357,277.2,97.8,24.5,160.7,11.2,1061.7,782.5,28
alt358,277.2,97.8,24.5,160.7,11.2,1061.7,782.5,56
alt359,277.2,97.8,24.5,160.7,11.2,1061.7,782.5,100
alt360,218.2,54.6,123.8,140.8,11.9,1075.7,792.7,3
alt361,218.2,54.6,123.8,140.8,11.9,1075.7,792.7,14
alt362,218.2,54.6,123.8,140.8,11.9,1075.7,792.7,28
alt363,218.2,54.6,123.8,140.8,11.9,1075.7,792.7,56
alt364,218.2,54.6,123.8,140.8,11.9,1075.7,792.7,100
alt365,214.9,53.8,121.9,155.6,9.6,1014.3,780.6,3
alt366,214.9,53.8,121.9,155.6,9.6,1014.3,780.6,14
alt367,214.9,53.8,121.9,155.6,9.6,1014.3,780.6,28
alt368,214.9,53.8,121.9,155.6,9.6,1014.3,780.6,56
alt369,214.9,53.8,121.9,155.6,9.6,1014.3,780.6,100
alt370,218.9,0,124.1,158.5,11.3,1078.7,794.9,3
alt371,218.9,0,124.1,158.5,11.3,1078.7,794.9,14
alt372,218.9,0,124.1,158.5,11.3,1078.7,794.9,28
alt373,218.9,0,124.1,158.5,11.3,1078.7,794.9,56
alt374,218.9,0,124.1,158.5,11.3,1078.7,794.9,100
alt375,376,0,0,214.6,0,1003.5,762.4,3
alt376,376,0,0,214.6,0,1003.5,762.4,14
alt377,376,0,0,214.6,0,1003.5,762.4,28
alt378,376,0,0,214.6,0,1003.5,762.4,56
alt379,376,0,0,214.6,0,1003.5,762.4,100
alt380,500,0,0,140,4,966,853,28
alt381,475,0,59,142,1.9,1098,641,28
alt382,315,137,0,145,5.9,1130,745,28
alt383,505,0,60,195,0,1030,630,28
alt384,451,0,0,165,11.3,1030,745,28
alt385,516,0,0,162,8.2,801,802,28
alt386,520,0,0,170,5.2,855,855,28
alt387,528,0,0,185,6.9,920,720,28
alt388,520,0,0,175,5.2,870,805,28
alt389,385,0,136,158,20,903,768,28
alt390,500.1,0,0,200,3,1124.4,613.2,28
alt391,450.1,50,0,200,3,1124.4,613.2,28
alt392,397,17.2,158,167,20.8,967,633,28
alt393,333,17.5,163,167,17.9,996,652,28
alt394,334,17.6,158,189,15.3,967,633,28
alt395,405,0,0,175,0,1120,695,28
alt396,200,200,0,190,0,1145,660,28
alt397,516,0,0,162,8.3,801,802,28
alt398,145,116,119,184,5.7,833,880,28
alt399,160,128,122,182,6.4,824,879,28
alt400,234,156,0,189,5.9,981,760,28
alt401,250,180,95,159,9.5,860,800,28
alt402,475,0,0,162,9.5,1044,662,28
alt403,285,190,0,163,7.6,1031,685,28
alt404,356,119,0,160,9,1061,657,28
alt405,275,180,120,162,10.4,830,765,28
alt406,500,0,0,151,9,1033,655,28
alt407,165,0,143.6,163.8,0,1005.6,900.9,3
alt408,165,128.5,132.1,175.1,8.1,1005.8,746.6,3
alt409,178,129.8,118.6,179.9,3.6,1007.3,746.8,3
alt410,167.4,129.9,128.6,175.5,7.8,1006.3,746.6,3
alt411,172.4,13.6,172.4,156.8,4.1,1006.3,856.4,3
alt412,173.5,50.1,173.5,164.8,6.5,1006.2,793.5,3
alt413,167,75.4,167,164,7.9,1007.3,770.1,3
alt414,173.8,93.4,159.9,172.3,9.7,1007.2,746.6,3
alt415,190.3,0,125.2,166.6,9.9,1079,798.9,3
alt416,250,0,95.7,191.8,5.3,948.9,857.2,3
alt417,213.5,0,174.2,159.2,11.7,1043.6,771.9,3
alt418,194.7,0,100.5,170.2,7.5,998,901.8,3
alt419,251.4,0,118.3,192.9,5.8,1043.6,754.3,3
alt420,165,0,143.6,163.8,0,1005.6,900.9,14
alt421,165,128.5,132.1,175.1,8.1,1005.8,746.6,14
alt422,178,129.8,118.6,179.9,3.6,1007.3,746.8,14
alt423,167.4,129.9,128.6,175.5,7.8,1006.3,746.6,14
alt424,172.4,13.6,172.4,156.8,4.1,1006.3,856.4,14
alt425,173.5,50.1,173.5,164.8,6.5,1006.2,793.5,14
alt426,167,75.4,167,164,7.9,1007.3,770.1,14
alt427,173.8,93.4,159.9,172.3,9.7,1007.2,746.6,14
alt428,190.3,0,125.2,166.6,9.9,1079,798.9,14
alt429,250,0,95.7,191.8,5.3,948.9,857.2,14
alt430,213.5,0,174.2,159.2,11.7,1043.6,771.9,14
alt431,194.7,0,100.5,170.2,7.5,998,901.8,14
alt432,251.4,0,118.3,192.9,5.8,1043.6,754.3,14
alt433,165,0,143.6,163.8,0,1005.6,900.9,28
alt434,165,128.5,132.1,175.1,8.1,1005.8,746.6,28
alt435,178,129.8,118.6,179.9,3.6,1007.3,746.8,28
alt436,167.4,129.9,128.6,175.5,7.8,1006.3,746.6,28
alt437,172.4,13.6,172.4,156.8,4.1,1006.3,856.4,28
alt438,173.5,50.1,173.5,164.8,6.5,1006.2,793.5,28
alt439,167,75.4,167,164,7.9,1007.3,770.1,28
alt440,173.8,93.4,159.9,172.3,9.7,1007.2,746.6,28
alt441,190.3,0,125.2,166.6,9.9,1079,798.9,28
alt442,250,0,95.7,191.8,5.3,948.9,857.2,28
alt443,213.5,0,174.2,159.2,11.7,1043.6,771.9,28
alt444,194.7,0,100.5,170.2,7.5,998,901.8,28
alt445,251.4,0,118.3,192.9,5.8,1043.6,754.3,28
alt446,165,0,143.6,163.8,0,1005.6,900.9,56
alt447,165,128.5,132.1,175.1,8.1,1005.8,746.6,56
alt448,178,129.8,118.6,179.9,3.6,1007.3,746.8,56
alt449,167.4,129.9,128.6,175.5,7.8,1006.3,746.6,56
alt450,172.4,13.6,172.4,156.8,4.1,1006.3,856.4,56
alt451,173.5,50.1,173.5,164.8,6.5,1006.2,793.5,56
alt452,167,75.4,167,164,7.9,1007.3,770.1,56
alt453,173.8,93.4,159.9,172.3,9.7,1007.2,746.6,56
alt454,190.3,0,125.2,166.6,9.9,1079,798.9,56
alt455,250,0,95.7,191.8,5.3,948.9,857.2,56
alt456,213.5,0,174.2,159.2,11.7,1043.6,771.9,56
alt457,194.7,0,100.5,170.2,7.5,998,901.8,56
alt458,251.4,0,118.3,192.9,5.8,1043.6,754.3,56
alt459,165,0,143.6,163.8,0,1005.6,900.9,100
alt460,165,128.5,132.1,175.1,8.1,1005.8,746.6,100
alt461,178,129.8,118.6,179.9,3.6,1007.3,746.8,100
alt462,167.4,129.9,128.6,175.5,7.8,1006.3,746.6,100
alt463,172.4,13.6,172.4,156.8,4.1,1006.3,856.4,100
alt464,173.5,50.1,173.5,164.8,6.5,1006.2,793.5,100
alt465,167,75.4,167,164,7.9,1007.3,770.1,100
alt466,173.8,93.4,159.9,172.3,9.7,1007.2,746.6,100
alt467,190.3,0,125.2,166.6,9.9,1079,798.9,100
alt468,250,0,95.7,191.8,5.3,948.9,857.2,100
alt469,213.5,0,174.2,159.2,11.7,1043.6,771.9,100
alt470,194.7,0,100.5,170.2,7.5,998,901.8,100
alt471,251.4,0,118.3,192.9,5.8,1043.6,754.3,100
alt472,446,24,79,162,11.6,967,712,28
alt473,446,24,79,162,11.6,967,712,28
alt474,446,24,79,162,11.6,967,712,28
alt475,446,24,79,162,10.3,967,712,28
alt476,446,24,79,162,11.6,967,712,3
alt477,446,24,79,162,11.6,967,712,3
alt478,446,24,79,162,11.6,967,712,3
alt479,446,24,79,162,11.6,967,712,7
alt480,446,24,79,162,11.6,967,712,7
alt481,446,24,79,162,11.6,967,712,7
alt482,446,24,79,162,11.6,967,712,56
alt483,446,24,79,162,11.6,967,712,56
alt484,446,24,79,162,11.6,967,712,56
alt485,446,24,79,162,10.3,967,712,56
alt486,387,20,94,157,14.3,938,845,28
alt487,387,20,94,157,13.9,938,845,28
alt488,387,20,94,157,11.6,938,845,28
alt489,387,20,94,157,14.3,938,845,3
alt490,387,20,94,157,13.9,938,845,3
alt491,387,20,94,157,11.6,938,845,3
alt492,387,20,94,157,14.3,938,845,7
alt493,387,20,94,157,13.9,938,845,7
alt494,387,20,94,157,11.6,938,845,7
alt495,387,20,94,157,14.3,938,845,56
alt496,387,20,94,157,13.9,938,845,56
alt497,387,20,94,157,11.6,938,845,56
alt498,355,19,97,145,13.1,967,871,28
alt499,355,19,97,145,12.3,967,871,28
alt500,491,26,123,210,3.9,882,699,28
alt501,491,26,123,201,3.9,822,699,28
alt502,491,26,123,210,3.9,882,699,3
alt503,491,26,123,210,3.9,882,699,7
alt504,491,26,123,210,3.9,882,699,56
alt505,491,26,123,201,3.9,822,699,3
alt506,491,26,123,201,3.9,822,699,7
alt507,491,26,123,201,3.9,822,699,56
alt508,424,22,132,178,8.5,822,750,28
alt509,424,22,132,178,8.5,882,750,3
alt510,424,22,132,168,8.9,822,750,28
alt511,424,22,132,178,8.5,822,750,7
alt512,424,22,132,178,8.5,822,750,56
alt513,424,22,132,168,8.9,822,750,3
alt514,424,22,132,168,8.9,822,750,7
alt515,424,22,132,168,8.9,822,750,56
alt516,202,11,141,206,1.7,942,801,28
alt517,202,11,141,206,1.7,942,801,3
alt518,202,11,141,206,1.7,942,801,7
alt519,202,11,141,206,1.7,942,801,56
alt520,284,15,141,179,5.5,842,801,28
alt521,284,15,141,179,5.5,842,801,3
alt522,284,15,141,179,5.5,842,801,7
alt523,284,15,141,179,5.5,842,801,56
alt524,359,19,141,154,10.9,942,801,28
alt525,359,19,141,154,10.9,942,801,28
alt526,359,19,141,154,10.9,942,801,3
alt527,359,19,141,154,10.9,942,801,3
alt528,359,19,141,154,10.9,942,801,7
alt529,359,19,141,154,10.9,942,801,7
alt530,359,19,141,154,10.9,942,801,56
alt531,359,19,141,154,10.9,942,801,56
alt532,436,0,0,218,0,838.4,719.7,28
alt533,289,0,0,192,0,913.2,895.3,90
alt534,289,0,0,192,0,913.2,895.3,3
alt535,393,0,0,192,0,940.6,785.6,3
alt536,393,0,0,192,0,940.6,785.6,90
alt537,393,0,0,192,0,940.6,785.6,28
alt538,480,0,0,192,0,936.2,712.2,28
alt539,480,0,0,192,0,936.2,712.2,7
alt540,480,0,0,192,0,936.2,712.2,90
alt541,480,0,0,192,0,936.2,712.2,3
alt542,333,0,0,192,0,931.2,842.6,3
alt543,255,0,0,192,0,889.8,945,90
alt544,255,0,0,192,0,889.8,945,7
alt545,289,0,0,192,0,913.2,895.3,7
alt546,255,0,0,192,0,889.8,945,28
alt547,333,0,0,192,0,931.2,842.6,28
alt548,333,0,0,192,0,931.2,842.6,7
alt549,289,0,0,192,0,913.2,895.3,28
alt550,333,0,0,192,0,931.2,842.6,90
alt551,393,0,0,192,0,940.6,785.6,7
alt552,255,0,0,192,0,889.8,945,3
alt553,158.8,238.2,0,185.7,0,1040.6,734.3,7
alt554,239.6,359.4,0,185.7,0,941.6,664.3,7
alt555,238.2,158.8,0,185.7,0,1040.6,734.3,7
alt556,181.9,272.8,0,185.7,0,1012.4,714.3,28
alt557,193.5,290.2,0,185.7,0,998.2,704.3,28
alt558,255.5,170.3,0,185.7,0,1026.6,724.3,7
alt559,272.8,181.9,0,185.7,0,1012.4,714.3,7
alt560,239.6,359.4,0,185.7,0,941.6,664.3,28
alt561,220.8,147.2,0,185.7,0,1055,744.3,28
alt562,397,0,0,185.7,0,1040.6,734.3,28
alt563,382.5,0,0,185.7,0,1047.8,739.3,7
alt564,210.7,316.1,0,185.7,0,977,689.3,7
alt565,158.8,238.2,0,185.7,0,1040.6,734.3,28
alt566,295.8,0,0,185.7,0,1091.4,769.3,7
alt567,255.5,170.3,0,185.7,0,1026.6,724.3,28
alt568,203.5,135.7,0,185.7,0,1076.2,759.3,7
alt569,397,0,0,185.7,0,1040.6,734.3,7
alt570,381.4,0,0,185.7,0,1104.6,784.3,28
alt571,295.8,0,0,185.7,0,1091.4,769.3,28
alt572,228,342.1,0,185.7,0,955.8,674.3,28
alt573,220.8,147.2,0,185.7,0,1055,744.3,7
alt574,316.1,210.7,0,185.7,0,977,689.3,28
alt575,135.7,203.5,0,185.7,0,1076.2,759.3,7
alt576,238.1,0,0,185.7,0,1118.8,789.3,28
alt577,339.2,0,0,185.7,0,1069.2,754.3,7
alt578,135.7,203.5,0,185.7,0,1076.2,759.3,28
alt579,193.5,290.2,0,185.7,0,998.2,704.3,7
alt580,203.5,135.7,0,185.7,0,1076.2,759.3,28
alt581,290.2,193.5,0,185.7,0,998.2,704.3,7
alt582,181.9,272.8,0,185.7,0,1012.4,714.3,7
alt583,170.3,155.5,0,185.7,0,1026.6,724.3,28
alt584,210.7,316.1,0,185.7,0,977,689.3,28
alt585,228,342.1,0,185.7,0,955.8,674.3,7
alt586,290.2,193.5,0,185.7,0,998.2,704.3,28
alt587,381.4,0,0,185.7,0,1104.6,784.3,7
alt588,238.2,158.8,0,185.7,0,1040.6,734.3,28
alt589,186.2,124.1,0,185.7,0,1083.4,764.3,7
alt590,339.2,0,0,185.7,0,1069.2,754.3,28
alt591,238.1,0,0,185.7,0,1118.8,789.3,7
alt592,252.5,0,0,185.7,0,1111.6,784.3,28
alt593,382.5,0,0,185.7,0,1047.8,739.3,28
alt594,252.5,0,0,185.7,0,1111.6,784.3,7
alt595,316.1,210.7,0,185.7,0,977,689.3,7
alt596,186.2,124.1,0,185.7,0,1083.4,764.3,28
alt597,170.3,155.5,0,185.7,0,1026.6,724.3,7
alt598,272.8,181.9,0,185.7,0,1012.4,714.3,28
alt599,339,0,0,197,0,968,781,3
alt600,339,0,0,197,0,968,781,7
alt601,339,0,0,197,0,968,781,14
alt602,339,0,0,197,0,968,781,28
alt603,339,0,0,197,0,968,781,90
alt604,339,0,0,197,0,968,781,180
alt605,339,0,0,197,0,968,781,365
alt606,236,0,0,194,0,968,885,3
alt607,236,0,0,194,0,968,885,14
alt608,236,0,0,194,0,968,885,28
alt609,236,0,0,194,0,968,885,90
alt610,236,0,0,193,0,968,885,180
alt611,236,0,0,193,0,968,885,365
alt612,277,0,0,191,0,968,856,14
alt613,277,0,0,191,0,968,856,28
alt614,277,0,0,191,0,968,856,3
alt615,277,0,0,191,0,968,856,90
alt616,277,0,0,191,0,968,856,180
alt617,277,0,0,191,0,968,856,360
alt618,254,0,0,198,0,968,863,3
alt619,254,0,0,198,0,968,863,90
alt620,254,0,0,198,0,968,863,180
alt621,254,0,0,198,0,968,863,365
alt622,307,0,0,193,0,968,812,180
alt623,307,0,0,193,0,968,812,365
alt624,307,0,0,193,0,968,812,3
alt625,307,0,0,193,0,968,812,28
alt626,307,0,0,193,0,968,812,90
alt627,236,0,0,193,0,968,885,7
alt628,200,0,0,180,0,1125,845,7
alt629,200,0,0,180,0,1125,845,28
alt630,225,0,0,181,0,1113,833,7
alt631,225,0,0,181,0,1113,833,28
alt632,325,0,0,184,0,1063,783,7
alt633,325,0,0,184,0,1063,783,28
alt634,275,0,0,183,0,1088,808,7
alt635,275,0,0,183,0,1088,808,28
alt636,300,0,0,184,0,1075,795,7
alt637,300,0,0,184,0,1075,795,28
alt638,375,0,0,186,0,1038,758,7
alt639,375,0,0,186,0,1038,758,28
alt640,400,0,0,187,0,1025,745,28
alt641,400,0,0,187,0,1025,745,7
alt642,250,0,0,182,0,1100,820,7
alt643,250,0,0,182,0,1100,820,28
alt644,350,0,0,186,0,1050,770,7
alt645,350,0,0,186,0,1050,770,28
alt646,203.5,305.3,0,203.5,0,963.4,630,7
alt647,250.2,166.8,0,203.5,0,977.6,694.1,90
alt648,157,236,0,192,0,935.4,781.2,90
alt649,141.3,212,0,203.5,0,971.8,748.5,28
alt650,166.8,250.2,0,203.5,0,975.6,692.6,3
alt651,122.6,183.9,0,203.5,0,958.2,800.1,90
alt652,183.9,122.6,0,203.5,0,959.2,800,3
alt653,102,153,0,192,0,887,942,3
alt654,102,153,0,192,0,887,942,90
alt655,122.6,183.9,0,203.5,0,958.2,800.1,28
alt656,166.8,250.2,0,203.5,0,975.6,692.6,28
alt657,200,133,0,192,0,965.4,806.2,3
alt658,108.3,162.4,0,203.5,0,938.2,849,28
alt659,305.3,203.5,0,203.5,0,965.4,631,7
alt660,108.3,162.4,0,203.5,0,938.2,849,90
alt661,116,173,0,192,0,909.8,891.9,90
alt662,141.3,212,0,203.5,0,971.8,748.5,7
alt663,157,236,0,192,0,935.4,781.2,28
alt664,133,200,0,192,0,927.4,839.2,28
alt665,250.2,166.8,0,203.5,0,977.6,694.1,7
alt666,173,116,0,192,0,946.8,856.8,7
alt667,192,288,0,192,0,929.8,716.1,3
alt668,192,288,0,192,0,929.8,716.1,28
alt669,153,102,0,192,0,888,943.1,3
alt670,288,192,0,192,0,932,717.8,3
alt671,305.3,203.5,0,203.5,0,965.4,631,28
alt672,236,157,0,192,0,972.6,749.1,7
alt673,173,116,0,192,0,946.8,856.8,3
alt674,212,141.3,0,203.5,0,973.4,750,7
alt675,236,157,0,192,0,972.6,749.1,3
alt676,183.9,122.6,0,203.5,0,959.2,800,90
alt677,166.8,250.2,0,203.5,0,975.6,692.6,7
alt678,102,153,0,192,0,887,942,7
alt679,288,192,0,192,0,932,717.8,28
alt680,212,141.3,0,203.5,0,973.4,750,28
alt681,102,153,0,192,0,887,942,28
alt682,173,116,0,192,0,946.8,856.8,28
alt683,183.9,122.6,0,203.5,0,959.2,800,28
alt684,133,200,0,192,0,927.4,839.2,90
alt685,192,288,0,192,0,929.8,716.1,90
alt686,133,200,0,192,0,927.4,839.2,7
alt687,305.3,203.5,0,203.5,0,965.4,631,3
alt688,236,157,0,192,0,972.6,749.1,90
alt689,108.3,162.4,0,203.5,0,938.2,849,3
alt690,157,236,0,192,0,935.4,781.2,7
alt691,288,192,0,192,0,932,717.8,7
alt692,212,141.3,0,203.5,0,973.4,750,3
alt693,212,141.3,0,203.5,0,973.4,750,90
alt694,153,102,0,192,0,888,943.1,28
alt695,236,157,0,192,0,972.6,749.1,28
alt696,116,173,0,192,0,909.8,891.9,28
alt697,183.9,122.6,0,203.5,0,959.2,800,7
alt698,108.3,162.4,0,203.5,0,938.2,849,7
alt699,203.5,305.3,0,203.5,0,963.4,630,28
alt700,203.5,305.3,0,203.5,0,963.4,630,3
alt701,133,200,0,192,0,927.4,839.2,3
alt702,288,192,0,192,0,932,717.8,90
alt703,200,133,0,192,0,965.4,806.2,7
alt704,200,133,0,192,0,965.4,806.2,28
alt705,250.2,166.8,0,203.5,0,977.6,694.1,3
alt706,122.6,183.9,0,203.5,0,958.2,800.1,3
alt707,153,102,0,192,0,888,943.1,90
alt708,200,133,0,192,0,965.4,806.2,90
alt709,116,173,0,192,0,909.8,891.9,3
alt710,173,116,0,192,0,946.8,856.8,90
alt711,250.2,166.8,0,203.5,0,977.6,694.1,28
alt712,305.3,203.5,0,203.5,0,965.4,631,90
alt713,192,288,0,192,0,929.8,716.1,7
alt714,157,236,0,192,0,935.4,781.2,3
alt715,153,102,0,192,0,888,943.1,7
alt716,141.3,212,0,203.5,0,971.8,748.5,90
alt717,116,173,0,192,0,909.8,891.9,7
alt718,141.3,212,0,203.5,0,971.8,748.5,3
alt719,122.6,183.9,0,203.5,0,958.2,800.1,7
alt720,166.8,250.2,0,203.5,0,975.6,692.6,90
alt721,203.5,305.3,0,203.5,0,963.4,630,90
alt722,310,0,0,192,0,1012,830,3
alt723,310,0,0,192,0,1012,830,7
alt724,310,0,0,192,0,1012,830,28
alt725,310,0,0,192,0,1012,830,90
alt726,310,0,0,192,0,1012,830,120
alt727,331,0,0,192,0,1025,821,3
alt728,331,0,0,192,0,1025,821,7
alt729,331,0,0,192,0,1025,821,28
alt730,331,0,0,192,0,1025,821,90
alt731,331,0,0,192,0,1025,821,120
alt732,349,0,0,192,0,1056,809,3
alt733,349,0,0,192,0,1056,809,7
alt734,349,0,0,192,0,1056,809,28
alt735,349,0,0,192,0,1056,809,90
alt736,349,0,0,192,0,1056,809,120
alt737,238,0,0,186,0,1119,789,7
alt738,238,0,0,186,0,1119,789,28
alt739,296,0,0,186,0,1090,769,7
alt740,296,0,0,186,0,1090,769,28
alt741,297,0,0,186,0,1040,734,7
alt742,480,0,0,192,0,936,721,28
alt743,480,0,0,192,0,936,721,90
alt744,397,0,0,186,0,1040,734,28
alt745,281,0,0,186,0,1104,774,7
alt746,281,0,0,185,0,1104,774,28
alt747,500,0,0,200,0,1125,613,1
alt748,500,0,0,200,0,1125,613,3
alt749,500,0,0,200,0,1125,613,7
alt750,500,0,0,200,0,1125,613,14
alt751,500,0,0,200,0,1125,613,28
alt752,540,0,0,173,0,1125,613,7
alt753,540,0,0,173,0,1125,613,14
alt754,540,0,0,173,0,1125,613,28
alt755,540,0,0,173,0,1125,613,90
alt756,540,0,0,173,0,1125,613,180
alt757,540,0,0,173,0,1125,613,270
alt758,350,0,0,203,0,974,775,7
alt759,350,0,0,203,0,974,775,14
alt760,350,0,0,203,0,974,775,28
alt761,350,0,0,203,0,974,775,56
alt762,350,0,0,203,0,974,775,90
alt763,350,0,0,203,0,974,775,180
alt764,385,0,0,186,0,966,763,1
alt765,385,0,0,186,0,966,763,3
alt766,385,0,0,186,0,966,763,7
alt767,385,0,0,186,0,966,763,14
alt768,385,0,0,186,0,966,763,28
alt769,331,0,0,192,0,978,825,180
alt770,331,0,0,192,0,978,825,360
alt771,349,0,0,192,0,1047,806,3
alt772,331,0,0,192,0,978,825,3
alt773,382,0,0,186,0,1047,739,7
alt774,382,0,0,186,0,1047,739,28
alt775,382,0,0,186,0,1111,784,7
alt776,281,0,0,186,0,1104,774,28
alt777,339,0,0,185,0,1069,754,7
alt778,339,0,0,185,0,1069,754,28
alt779,295,0,0,185,0,1069,769,7
alt780,295,0,0,185,0,1069,769,28
alt781,238,0,0,185,0,1118,789,28
alt782,296,0,0,192,0,1085,765,7
alt783,296,0,0,192,0,1085,765,28
alt784,296,0,0,192,0,1085,765,90
alt785,331,0,0,192,0,879,825,3
alt786,331,0,0,192,0,978,825,7
alt787,331,0,0,192,0,978,825,28
alt788,331,0,0,192,0,978,825,90
alt789,349,0,0,192,0,1047,806,7
alt790,349,0,0,192,0,1047,806,28
alt791,349,0,0,192,0,1047,806,90
alt792,349,0,0,192,0,1047,806,180
alt793,349,0,0,192,0,1047,806,360
alt794,302,0,0,203,0,974,817,14
alt795,302,0,0,203,0,974,817,180
alt796,525,0,0,189,0,1125,613,180
alt797,500,0,0,200,0,1125,613,90
alt798,500,0,0,200,0,1125,613,180
alt799,500,0,0,200,0,1125,613,270
alt800,540,0,0,173,0,1125,613,3
alt801,252,0,0,185,0,1111,784,7
alt802,252,0,0,185,0,1111,784,28
alt803,339,0,0,185,0,1060,754,28
alt804,393,0,0,192,0,940,758,3
alt805,393,0,0,192,0,940,758,28
alt806,393,0,0,192,0,940,758,90
alt807,382,0,0,185,0,1047,739,7
alt808,382,0,0,185,0,1047,739,28
alt809,252,0,0,186,0,1111,784,7
alt810,252,0,0,185,0,1111,784,28
alt811,310,0,0,192,0,970,850,7
alt812,310,0,0,192,0,970,850,28
alt813,310,0,0,192,0,970,850,90
alt814,310,0,0,192,0,970,850,180
alt815,310,0,0,192,0,970,850,360
alt816,525,0,0,189,0,1125,613,3
alt817,525,0,0,189,0,1125,613,7
alt818,525,0,0,189,0,1125,613,14
alt819,525,0,0,189,0,1125,613,28
alt820,525,0,0,189,0,1125,613,90
alt821,525,0,0,189,0,1125,613,270
alt822,322,0,0,203,0,974,800,14
alt823,322,0,0,203,0,974,800,28
alt824,322,0,0,203,0,974,800,180
alt825,302,0,0,203,0,974,817,28
alt826,397,0,0,185,0,1040,734,28
alt827,480,0,0,192,0,936,721,3
alt828,522,0,0,146,0,896,896,7
alt829,522,0,0,146,0,896,896,28
alt830,273,105,82,210,9,904,680,28
alt831,162,190,148,179,19,838,741,28
alt832,154,144,112,220,10,923,658,28
alt833,147,115,89,202,9,860,829,28
alt834,152,178,139,168,18,944,695,28
alt835,310,143,111,168,22,914,651,28
alt836,144,0,175,158,18,943,844,28
alt837,304,140,0,214,6,895,722,28
alt838,374,0,0,190,7,1013,730,28
alt839,159,149,116,175,15,953,720,28
alt840,153,239,0,200,6,1002,684,28
alt841,310,143,0,168,10,914,804,28
alt842,305,0,100,196,10,959,705,28
alt843,151,0,184,167,12,991,772,28
alt844,142,167,130,174,11,883,785,28
alt845,298,137,107,201,6,878,655,28
alt846,321,164,0,190,5,870,774,28
alt847,366,187,0,191,7,824,757,28
alt848,280,129,100,172,9,825,805,28
alt849,252,97,76,194,8,835,821,28
alt850,165,0,150,182,12,1023,729,28
alt851,156,243,0,180,11,1022,698,28
alt852,160,188,146,203,11,829,710,28
alt853,298,0,107,186,6,879,815,28
alt854,318,0,126,210,6,861,737,28
alt855,287,121,94,188,9,904,696,28
alt856,326,166,0,174,9,882,790,28
alt857,356,0,142,193,11,801,778,28
alt858,132,207,161,179,5,867,736,28
alt859,322,149,0,186,8,951,709,28
alt860,164,0,200,181,13,849,846,28
alt861,314,0,113,170,10,925,783,28
alt862,321,0,128,182,11,870,780,28
alt863,140,164,128,237,6,869,656,28
alt864,288,121,0,177,7,908,829,28
alt865,298,0,107,210,11,880,744,28
alt866,265,111,86,195,6,833,790,28
alt867,160,250,0,168,12,1049,688,28
alt868,166,260,0,183,13,859,827,28
alt869,276,116,90,180,9,870,768,28
alt870,322,0,116,196,10,818,813,28
alt871,149,139,109,193,6,892,780,28
alt872,159,187,0,176,11,990,789,28
alt873,261,100,78,201,9,864,761,28
alt874,237,92,71,247,6,853,695,28
alt875,313,0,113,178,8,1002,689,28
alt876,155,183,0,193,9,1047,697,28
alt877,146,230,0,202,3,827,872,28
alt878,296,0,107,221,11,819,778,28
alt879,133,210,0,196,3,949,795,28
alt880,313,145,0,178,8,867,824,28
alt881,152,0,112,184,8,992,816,28
alt882,153,145,113,178,8,1002,689,28
alt883,140,133,103,200,7,916,753,28
alt884,149,236,0,176,13,847,893,28
alt885,300,0,120,212,10,878,728,28
alt886,153,145,113,178,8,867,824,28
alt887,148,0,137,158,16,1002,830,28
alt888,326,0,138,199,11,801,792,28
alt889,153,145,0,178,8,1000,822,28
alt890,262,111,86,195,5,895,733,28
alt891,158,0,195,220,11,898,713,28
alt892,151,0,185,167,16,1074,678,28
alt893,273,0,90,199,11,931,762,28
alt894,149,118,92,183,7,953,780,28
alt895,143,169,143,191,8,967,643,28
alt896,260,101,78,171,10,936,763,28
alt897,313,161,0,178,10,917,759,28
alt898,284,120,0,168,7,970,794,28
alt899,336,0,0,182,3,986,817,28
alt900,145,0,134,181,11,979,812,28
alt901,150,237,0,174,12,1069,675,28
alt902,144,170,133,192,8,814,805,28
alt903,331,170,0,195,8,811,802,28
alt904,155,0,143,193,9,1047,697,28
alt905,155,183,0,193,9,877,868,28
alt906,135,0,166,180,10,961,805,28
alt907,266,112,87,178,10,910,745,28
alt908,314,145,113,179,8,869,690,28
alt909,313,145,0,127,8,1000,822,28
alt910,146,173,0,182,3,986,817,28
alt911,144,136,106,178,7,941,774,28
alt912,148,0,182,181,15,839,884,28
alt913,277,117,91,191,7,946,666,28
alt914,298,0,107,164,13,953,784,28
alt915,313,145,0,178,8,1002,689,28
alt916,155,184,143,194,9,880,699,28
alt917,289,134,0,195,6,924,760,28
alt918,148,175,0,171,2,1000,828,28
alt919,145,0,179,202,8,824,869,28
alt920,313,0,0,178,8,1000,822,28
alt921,136,162,126,172,10,923,764,28
alt922,155,0,143,193,9,877,868,28
alt923,255,99,77,189,6,919,749,28
alt924,162,207,172,216,10,822,638,28
alt925,136,196,98,199,6,847,783,28
alt926,164,163,128,197,8,961,641,28
alt927,162,214,164,202,10,820,680,28
alt928,157,214,152,200,9,819,704,28
alt929,149,153,194,192,8,935,623,28
alt930,135,105,193,196,6,965,643,28
alt931,159,209,161,201,7,848,669,28
alt932,144,15,195,176,6,1021,709,28
alt933,154,174,185,228,7,845,612,28
alt934,167,187,195,185,7,898,636,28
alt935,184,86,190,213,6,923,623,28
alt936,156,178,187,221,7,854,614,28
alt937,236.9,91.7,71.5,246.9,6,852.9,695.4,28
alt938,313.3,0,113,178.5,8,1001.9,688.7,28
alt939,154.8,183.4,0,193.3,9.1,1047.4,696.7,28
alt940,145.9,230.5,0,202.5,3.4,827,871.8,28
alt941,296,0,106.7,221.4,10.5,819.2,778.4,28
alt942,133.1,210.2,0,195.7,3.1,949.4,795.3,28
alt943,313.3,145,0,178.5,8,867.2,824,28
alt944,151.6,0,111.9,184.4,7.9,992,815.9,28
alt945,153.1,145,113,178.5,8,1001.9,688.7,28
alt946,139.9,132.6,103.3,200.3,7.4,916,753.4,28
alt947,149.5,236,0,175.8,12.6,846.8,892.7,28
alt948,299.8,0,119.8,211.5,9.9,878.2,727.6,28
alt949,153.1,145,113,178.5,8,867.2,824,28
alt950,148.1,0,136.6,158.1,16.1,1001.8,830.1,28
alt951,326.5,0,137.9,199,10.8,801.1,792.5,28
alt952,152.7,144.7,0,178.1,8,999.7,822.2,28
alt953,261.9,110.5,86.1,195.4,5,895.2,732.6,28
alt954,158.4,0,194.9,219.7,11,897.7,712.9,28
alt955,150.7,0,185.3,166.7,15.6,1074.5,678,28
alt956,272.6,0,89.6,198.7,10.6,931.3,762.2,28
alt957,149,117.6,91.7,182.9,7.1,953.4,780.3,28
alt958,143,169.4,142.7,190.7,8.4,967.4,643.5,28
alt959,259.9,100.6,78.4,170.6,10.4,935.7,762.9,28
alt960,312.9,160.5,0,177.6,9.6,916.6,759.5,28
alt961,284,119.7,0,168.3,7.2,970.4,794.2,28
alt962,336.5,0,0,181.9,3.4,985.8,816.8,28
alt963,144.8,0,133.6,180.8,11.1,979.5,811.5,28
alt964,150,236.8,0,173.8,11.9,1069.3,674.8,28
alt965,143.7,170.2,132.6,191.6,8.5,814.1,805.3,28
alt966,330.5,169.6,0,194.9,8.1,811,802.3,28
alt967,154.8,0,142.8,193.3,9.1,1047.4,696.7,28
alt968,154.8,183.4,0,193.3,9.1,877.2,867.7,28
alt969,134.7,0,165.7,180.2,10,961,804.9,28
alt970,266.2,112.3,87.5,177.9,10.4,909.7,744.5,28
alt971,314,145.3,113.2,178.9,8,869.1,690.2,28
alt972,312.7,144.7,0,127.3,8,999.7,822.2,28
alt973,145.7,172.6,0,181.9,3.4,985.8,816.8,28
alt974,143.8,136.3,106.2,178.1,7.5,941.5,774.3,28
alt975,148.1,0,182.1,181.4,15,838.9,884.3,28
alt976,277,116.8,91,190.6,7,946.5,665.6,28
alt977,298.1,0,107.5,163.6,12.8,953.2,784,28
alt978,313.3,145,0,178.5,8,1001.9,688.7,28
alt979,155.2,183.9,143.2,193.8,9.2,879.6,698.5,28
alt980,289,133.7,0,194.9,5.5,924.1,760.1,28
alt981,147.8,175.1,0,171.2,2.2,1000,828.5,28
alt982,145.4,0,178.9,201.7,7.8,824,868.7,28
alt983,312.7,0,0,178.1,8,999.7,822.2,28
alt984,136.4,161.6,125.8,171.6,10.4,922.6,764.4,28
alt985,154.8,0,142.8,193.3,9.1,877.2,867.7,28
alt986,255.3,98.8,77,188.6,6.5,919,749.3,28
alt987,272.8,105.1,81.8,209.7,9,904,679.7,28
alt988,162,190.1,148.1,178.8,18.8,838.1,741.4,28
alt989,153.6,144.2,112.3,220.1,10.1,923.2,657.9,28
alt990,146.5,114.6,89.3,201.9,8.8,860,829.5,28
alt991,151.8,178.1,138.7,167.5,18.3,944,694.6,28
alt992,309.9,142.8,111.2,167.8,22.1,913.9,651.2,28
alt993,143.6,0,174.9,158.4,17.9,942.7,844.5,28
alt994,303.6,139.9,0,213.5,6.2,895.5,722.5,28
alt995,374.3,0,0,190.2,6.7,1013.2,730.4,28
alt996,158.6,148.9,116,175.1,15,953.3,719.7,28
alt997,152.6,238.7,0,200,6.3,1001.8,683.9,28
alt998,310,142.8,0,167.9,10,914.3,804,28
alt999,304.8,0,99.6,196,9.8,959.4,705.2,28
alt1000,150.9,0,183.9,166.6,11.6,991.2,772.2,28
alt1001,141.9,166.6,129.7,173.5,10.9,882.6,785.3,28
alt1002,297.8,137.2,106.9,201.3,6,878.4,655.3,28
alt1003,321.3,164.2,0,190.5,4.6,870,774,28
alt1004,366,187,0,191.3,6.6,824.3,756.9,28
alt1005,279.8,128.9,100.4,172.4,9.5,825.1,804.9,28
alt1006,252.1,97.1,75.6,193.8,8.3,835.5,821.4,28
alt1007,164.6,0,150.4,181.6,11.7,1023.3,728.9,28
alt1008,155.6,243.5,0,180.3,10.7,1022,697.7,28
alt1009,160.2,188,146.4,203.2,11.3,828.7,709.7,28
alt1010,298.1,0,107,186.4,6.1,879,815.2,28
alt1011,317.9,0,126.5,209.7,5.7,860.5,736.6,28
alt1012,287.3,120.5,93.9,187.6,9.2,904.4,695.9,28
alt1013,325.6,166.4,0,174,8.9,881.6,790,28
alt1014,355.9,0,141.6,193.3,11,801.4,778.4,28
alt1015,132,206.5,160.9,178.9,5.5,866.9,735.6,28
alt1016,322.5,148.6,0,185.8,8.5,951,709.5,28
alt1017,164.2,0,200.1,181.2,12.6,849.3,846,28
alt1018,313.8,0,112.6,169.9,10.1,925.3,782.9,28
alt1019,321.4,0,127.9,182.5,11.5,870.1,779.7,28
alt1020,139.7,163.9,127.7,236.7,5.8,868.6,655.6,28
alt1021,288.4,121,0,177.4,7,907.9,829.5,28
alt1022,298.2,0,107,209.7,11.1,879.6,744.2,28
alt1023,264.5,111,86.5,195.5,5.9,832.6,790.4,28
alt1024,159.8,250,0,168.4,12.2,1049.3,688.2,28
alt1025,166,259.7,0,183.2,12.7,858.8,826.8,28
alt1026,276.4,116,90.3,179.6,8.9,870.1,768.3,28
alt1027,322.2,0,115.6,196,10.4,817.9,813.4,28
alt1028,148.5,139.4,108.6,192.7,6.1,892.4,780,28
alt1029,159.1,186.7,0,175.6,11.3,989.6,788.9,28
alt1030,260.9,100.5,78.3,200.6,8.6,864.5,761.5,28
